school,sex,age,address,famsize,Pstatus,Medu,Fedu,Mjob,Fjob,reason,guardian,traveltime,studytime,failures,schoolsup,famsup,paid,activities,nursery,higher,internet,romantic,famrel,freetime,goout,Dalc,Walc,health,absences,PG1,PG2,PG3,class
GP,F,15,U,LE3,T,3,2,services,other,reputation,mother,1,2,0,no,yes,no,no,yes,yes,yes,no,4,4,4,1,1,5,4,12,11,11,mid
GP,M,17,U,LE3,A,3,2,teacher,services,home,mother,1,1,0,no,no,no,no,yes,yes,yes,no,4,4,4,3,4,3,18,13,13,13,mid
GP,F,17,U,LE3,T,3,2,other,other,reputation,mother,2,2,0,no,no,no,no,yes,yes,yes,no,4,4,4,1,3,1,2,14,16,15,mid
MS,M,18,R,GT3,T,3,2,other,other,course,mother,2,1,0,no,yes,no,no,no,yes,yes,no,2,5,5,5,5,5,8,9,10,11,mid
GP,M,20,U,GT3,A,3,2,services,other,course,other,1,1,2,no,no,no,yes,yes,yes,no,no,5,5,3,1,1,5,0,14,15,15,mid
GP,F,15,U,GT3,A,4,3,services,services,reputation,mother,1,2,0,no,yes,no,yes,yes,yes,yes,no,4,3,2,1,1,1,0,15,14,15,mid
MS,F,17,R,GT3,T,1,1,other,other,other,father,1,1,1,no,yes,no,no,no,no,yes,no,5,4,4,2,2,5,0,6,6,7,low
GP,F,18,R,GT3,T,4,4,teacher,other,reputation,mother,2,2,0,no,no,no,yes,yes,yes,yes,no,4,3,4,2,2,4,8,10,11,12,mid
MS,F,19,U,LE3,T,2,2,other,other,home,mother,1,3,0,no,no,no,no,yes,yes,yes,yes,5,4,5,1,1,1,0,12,13,13,mid
GP,M,17,U,GT3,T,1,2,at_home,services,other,other,2,2,0,no,no,no,yes,no,yes,yes,no,4,4,4,4,5,5,16,10,11,12,mid
GP,M,17,R,GT3,T,3,4,at_home,other,course,mother,3,2,0,no,no,no,no,yes,yes,no,no,5,4,5,2,4,5,2,10,9,10,low
GP,M,17,R,LE3,T,2,1,at_home,other,course,mother,2,1,1,no,no,yes,yes,yes,no,yes,yes,3,3,2,2,2,5,8,8,8,9,low
GP,F,16,U,GT3,T,4,3,other,at_home,course,mother,1,3,0,yes,yes,no,no,yes,yes,yes,no,5,3,5,1,1,3,2,12,13,13,mid
GP,M,17,U,LE3,T,4,4,teacher,other,reputation,mother,1,2,0,no,yes,no,yes,yes,yes,yes,no,4,4,4,1,3,5,0,11,9,10,low
MS,F,17,U,GT3,T,4,4,health,health,course,father,1,2,0,no,yes,no,no,yes,yes,yes,no,5,2,5,1,1,5,0,13,15,16,high
GP,M,17,U,GT3,T,3,1,services,other,other,mother,1,2,0,no,no,no,yes,yes,yes,yes,yes,5,4,4,3,4,5,0,11,11,14,mid
GP,F,16,U,GT3,T,2,1,other,other,home,mother,1,1,0,no,no,no,no,yes,yes,yes,yes,4,5,2,1,1,5,4,9,10,10,low
MS,F,16,U,LE3,T,4,4,services,services,other,father,2,1,0,no,yes,no,no,yes,yes,no,no,5,1,3,1,2,5,1,11,11,11,mid
MS,F,17,U,GT3,T,3,3,services,services,course,mother,2,1,0,no,yes,no,no,yes,yes,yes,no,4,4,3,1,1,4,0,11,12,13,mid
MS,M,16,R,LE3,T,1,1,at_home,other,course,mother,2,1,0,no,no,no,yes,yes,yes,yes,no,4,5,5,2,4,5,0,10,10,9,low
GP,F,17,U,LE3,T,0,2,at_home,at_home,home,father,2,3,0,no,no,no,no,yes,yes,yes,no,3,3,3,2,3,2,0,14,14,15,mid
GP,F,18,U,GT3,T,2,2,at_home,services,home,mother,1,3,0,no,yes,no,yes,yes,yes,yes,yes,4,3,3,1,1,3,0,11,12,13,mid
GP,F,15,U,GT3,T,3,2,health,services,home,father,1,2,1,no,yes,no,no,yes,yes,yes,no,3,3,2,1,1,3,2,11,11,11,mid
MS,F,16,R,LE3,T,1,2,other,other,reputation,mother,2,1,0,no,no,no,yes,yes,yes,yes,no,5,4,5,1,4,2,0,14,14,15,mid
MS,M,16,U,GT3,T,2,1,health,services,other,mother,2,2,0,no,no,no,no,no,yes,yes,yes,4,2,2,1,4,5,2,9,7,8,low
GP,F,16,U,GT3,T,2,2,services,services,home,mother,1,1,0,no,yes,no,no,no,yes,yes,no,1,2,2,1,3,5,6,10,11,12,mid
MS,F,15,U,GT3,T,2,2,other,services,course,mother,2,3,0,no,yes,no,yes,yes,yes,no,no,5,3,2,1,1,4,0,12,13,14,mid
MS,F,16,U,GT3,T,3,2,services,at_home,course,mother,1,1,0,no,no,no,no,yes,yes,yes,no,3,1,3,1,4,3,2,7,6,7,low
GP,M,18,R,LE3,T,3,2,services,other,reputation,mother,2,3,0,no,yes,no,yes,yes,yes,yes,no,5,4,2,1,1,4,0,14,15,15,mid
MS,M,16,R,GT3,T,3,2,services,other,course,father,2,1,0,no,no,no,no,yes,yes,yes,no,4,5,5,2,3,5,2,11,9,10,low
MS,M,17,U,GT3,T,3,3,services,at_home,course,mother,2,4,1,no,yes,yes,yes,yes,yes,no,no,5,4,5,3,4,5,0,10,11,10,low
GP,F,17,U,GT3,T,3,2,other,other,course,mother,1,2,0,no,no,no,yes,no,yes,yes,no,5,3,4,1,3,3,2,17,18,17,high
GP,F,15,U,GT3,T,1,2,at_home,services,course,mother,1,2,0,no,no,no,no,no,yes,yes,no,3,2,3,1,2,1,0,14,14,14,mid
GP,M,15,U,GT3,T,4,4,services,services,reputation,mother,2,2,0,no,yes,no,yes,yes,yes,yes,no,4,3,1,1,1,5,2,15,15,15,mid
GP,M,17,U,LE3,T,4,4,services,other,home,mother,1,2,0,no,yes,no,no,yes,yes,yes,yes,5,3,5,4,5,3,15,13,12,12,mid
GP,F,17,U,GT3,T,3,2,health,health,reputation,father,1,4,0,no,yes,no,yes,no,yes,yes,no,5,2,2,1,2,5,0,18,18,18,high
MS,F,16,R,GT3,T,2,2,other,other,course,mother,2,2,0,no,yes,no,yes,yes,yes,yes,no,4,4,4,1,1,5,0,12,12,12,mid
MS,F,17,U,GT3,T,2,2,other,at_home,home,mother,1,3,0,no,no,no,yes,yes,yes,no,yes,3,4,3,1,1,3,8,10,11,12,mid
MS,F,17,U,LE3,T,4,4,at_home,at_home,course,mother,1,2,0,no,yes,no,yes,yes,yes,yes,yes,2,3,4,1,1,1,4,15,14,15,mid
GP,M,15,R,GT3,T,2,1,health,services,reputation,mother,1,2,0,no,no,no,yes,yes,yes,yes,yes,5,4,2,1,1,5,4,10,9,10,low
GP,M,16,U,GT3,T,1,3,at_home,services,course,father,1,1,1,no,no,no,no,yes,no,yes,no,5,3,3,1,4,2,2,9,8,8,low
MS,F,18,U,GT3,T,4,4,teacher,teacher,reputation,mother,2,2,0,no,no,no,yes,no,yes,yes,no,4,3,5,1,2,1,0,18,18,18,high
GP,M,16,R,GT3,T,2,2,at_home,other,course,mother,3,1,0,no,no,no,no,no,yes,no,no,4,2,2,1,2,3,4,12,10,11,mid
GP,F,16,U,GT3,T,3,4,at_home,other,course,mother,1,2,0,no,yes,no,no,yes,yes,yes,no,2,4,3,1,2,3,14,12,11,11,mid
GP,F,18,U,GT3,T,2,1,other,other,course,other,2,3,0,no,yes,no,no,no,yes,yes,yes,4,4,4,1,1,3,10,12,10,11,mid
GP,M,15,U,GT3,T,4,0,teacher,other,course,mother,2,4,0,no,no,no,yes,yes,yes,yes,no,3,4,3,1,1,1,0,12,11,11,mid
MS,M,18,R,GT3,T,1,1,other,other,home,mother,2,1,1,no,no,no,yes,yes,no,yes,no,4,4,3,3,4,4,0,8,9,10,low
MS,F,18,U,LE3,T,1,1,at_home,services,course,father,2,3,0,no,no,no,no,yes,yes,yes,no,5,3,2,1,1,4,0,19,17,18,high
GP,M,15,U,GT3,T,4,3,teacher,other,home,mother,1,2,0,no,yes,no,yes,yes,yes,yes,no,4,3,3,2,3,5,0,11,11,11,mid
GP,F,16,U,GT3,T,4,2,teacher,services,home,mother,2,2,0,no,yes,no,yes,yes,yes,yes,no,5,3,3,1,1,1,2,13,14,14,mid
GP,M,16,U,GT3,T,2,1,at_home,other,course,mother,4,1,0,no,no,no,no,yes,yes,no,no,3,2,1,1,1,2,4,9,9,11,mid
GP,F,17,U,GT3,T,2,2,other,other,course,mother,1,2,0,no,yes,no,no,no,yes,yes,no,5,4,5,1,2,5,12,12,12,14,mid
GP,F,16,U,LE3,T,2,2,other,other,home,mother,2,2,0,no,yes,no,yes,no,yes,yes,yes,3,3,3,1,2,3,16,11,11,10,low
MS,M,17,R,GT3,T,2,2,other,other,course,mother,2,1,0,no,no,no,yes,yes,no,no,yes,5,5,5,3,5,5,0,8,13,10,low
GP,F,15,R,GT3,T,2,2,at_home,other,reputation,mother,1,1,0,yes,yes,no,yes,yes,yes,no,no,4,3,1,1,1,2,8,14,13,12,mid
MS,F,17,U,LE3,T,1,1,other,services,course,father,1,3,0,no,yes,no,no,yes,yes,no,yes,4,3,3,1,1,3,0,11,11,10,low
GP,F,15,R,GT3,T,1,1,other,other,course,mother,3,1,1,no,no,no,yes,yes,yes,yes,yes,5,5,5,1,1,1,2,8,9,9,low
GP,F,17,U,GT3,T,1,1,at_home,other,course,mother,1,2,0,yes,no,no,no,no,yes,no,yes,4,3,2,1,1,4,10,10,9,10,low
GP,F,17,U,GT3,T,4,4,other,teacher,course,mother,1,1,0,yes,yes,no,no,yes,yes,no,yes,4,2,1,1,1,4,0,13,13,13,mid
MS,F,19,U,GT3,T,1,1,at_home,services,other,father,2,1,1,no,no,no,no,yes,no,no,no,5,5,5,2,3,2,0,5,0,0,fail
GP,M,18,U,GT3,T,4,3,teacher,other,course,mother,1,2,0,no,yes,no,no,no,yes,yes,no,4,3,2,1,1,3,2,10,10,11,mid
GP,M,17,U,GT3,T,3,3,services,services,other,mother,1,2,0,no,yes,no,yes,yes,yes,yes,yes,4,3,4,2,3,4,6,11,13,14,mid
MS,M,15,R,LE3,T,4,1,health,services,reputation,father,1,2,0,no,yes,no,yes,yes,yes,yes,no,5,3,4,1,2,2,7,7,9,8,low
MS,F,16,R,LE3,T,1,2,at_home,other,course,mother,1,2,0,no,no,no,yes,yes,no,yes,no,4,4,5,1,3,3,0,8,9,9,low
MS,M,18,R,GT3,T,3,2,services,other,course,mother,1,1,1,no,no,no,no,yes,no,yes,no,2,3,1,2,2,5,0,4,0,0,fail
MS,M,16,U,LE3,T,4,4,teacher,health,other,father,1,1,0,no,yes,no,no,yes,yes,yes,no,4,1,2,2,5,5,0,11,12,12,mid
MS,F,18,R,GT3,A,4,3,services,services,course,mother,1,1,0,no,yes,no,no,yes,yes,yes,no,5,4,4,3,4,2,8,10,11,10,low
GP,F,15,U,LE3,A,4,3,other,other,course,mother,1,2,0,yes,yes,yes,yes,yes,yes,yes,yes,5,2,2,1,1,5,4,10,11,11,mid
GP,F,17,U,GT3,T,3,3,services,other,home,mother,2,3,0,no,yes,no,no,yes,yes,yes,yes,4,2,2,2,3,5,10,11,11,11,mid
GP,F,16,U,GT3,T,2,2,other,other,reputation,mother,1,4,0,no,no,no,no,yes,yes,yes,yes,5,2,3,1,3,3,1,13,13,13,mid
GP,F,15,U,GT3,T,3,2,services,other,home,mother,2,2,0,yes,yes,no,no,yes,yes,yes,no,4,3,5,1,1,2,16,11,10,10,low
MS,M,18,U,LE3,T,1,1,at_home,at_home,course,mother,2,2,0,no,yes,no,yes,yes,yes,no,no,4,3,3,1,4,5,6,10,9,10,low
GP,F,18,U,GT3,T,2,1,other,other,home,mother,1,2,0,no,yes,no,no,yes,yes,yes,yes,4,2,5,1,2,1,8,14,14,15,mid
GP,M,16,U,GT3,T,4,4,services,teacher,other,father,1,3,0,no,yes,no,yes,yes,yes,yes,yes,4,4,3,1,1,4,0,16,16,16,high
GP,F,16,U,GT3,T,3,2,other,other,reputation,mother,1,2,0,no,yes,no,no,yes,yes,yes,no,1,2,2,1,2,1,8,14,15,16,high
MS,F,18,R,GT3,T,1,1,at_home,at_home,course,mother,2,1,1,no,no,no,no,no,no,yes,yes,3,2,3,1,1,2,4,9,11,10,low
GP,F,15,R,LE3,T,3,1,other,other,reputation,father,2,4,0,no,yes,no,no,no,yes,yes,no,4,4,2,2,3,3,6,15,15,15,mid
GP,M,15,U,LE3,T,2,2,services,health,reputation,mother,1,4,0,no,yes,no,yes,yes,yes,yes,no,4,3,4,1,1,4,2,11,12,12,mid
MS,M,17,U,LE3,A,1,0,other,other,home,mother,1,1,0,no,no,no,no,yes,yes,no,yes,4,1,2,1,1,5,4,11,11,12,mid
GP,M,17,R,GT3,T,1,1,other,other,home,father,2,3,0,no,no,no,no,no,yes,yes,yes,4,3,3,1,1,1,2,13,14,15,mid
GP,F,19,U,GT3,T,3,3,other,services,home,other,1,2,0,no,yes,no,yes,yes,yes,yes,no,4,3,5,3,3,5,16,11,12,12,mid
MS,F,20,U,GT3,T,3,3,at_home,services,other,mother,2,2,1,no,no,no,yes,yes,yes,yes,yes,3,3,4,2,4,3,8,11,9,10,low
GP,F,16,U,GT3,T,2,2,at_home,other,home,mother,1,2,1,yes,no,no,yes,yes,yes,yes,no,3,1,2,1,1,5,12,8,10,10,low
GP,M,18,R,GT3,T,2,3,other,services,reputation,father,1,1,0,no,no,no,no,yes,yes,yes,no,3,1,3,4,5,4,13,13,14,14,mid
MS,M,18,U,LE3,T,1,2,at_home,services,home,mother,2,1,0,no,yes,no,no,no,yes,no,no,4,1,4,5,5,1,8,10,11,11,mid
GP,F,17,U,GT3,A,2,1,other,other,course,mother,2,3,0,no,no,no,yes,yes,yes,yes,yes,3,2,3,1,2,3,0,15,15,16,high
MS,F,17,U,LE3,A,3,2,services,other,reputation,mother,2,2,0,no,no,no,no,yes,yes,no,yes,1,2,3,1,2,5,0,15,14,15,mid
GP,M,18,U,GT3,T,2,2,other,at_home,course,other,1,1,1,no,yes,no,yes,no,no,yes,yes,4,4,3,2,2,1,26,7,8,8,low
MS,F,18,R,GT3,T,1,1,at_home,other,other,mother,1,2,1,no,yes,no,no,yes,yes,yes,yes,4,3,2,1,1,5,9,7,7,7,low
MS,F,18,U,GT3,T,2,2,services,at_home,reputation,father,2,2,0,no,no,no,yes,no,yes,yes,no,4,3,5,1,1,1,2,12,13,14,mid
GP,F,16,U,LE3,T,1,1,at_home,at_home,course,mother,1,1,0,no,no,no,no,yes,yes,yes,no,3,4,4,3,3,1,4,10,11,11,mid
GP,F,18,U,GT3,A,4,4,at_home,teacher,course,mother,2,2,0,yes,no,no,no,yes,yes,no,no,4,3,4,1,1,3,4,0,11,11,mid
GP,M,16,R,GT3,T,4,4,teacher,teacher,course,mother,1,1,0,no,no,no,yes,yes,yes,yes,no,3,5,5,2,5,4,8,14,14,15,mid
GP,F,15,R,GT3,T,3,4,services,health,course,mother,1,3,0,yes,yes,no,yes,yes,yes,yes,no,4,3,2,1,1,5,2,11,12,12,mid
GP,F,18,U,LE3,A,2,4,services,other,course,mother,2,2,1,no,yes,no,no,yes,yes,yes,no,4,3,3,1,1,3,18,10,10,10,low
GP,M,18,U,GT3,T,2,1,services,services,reputation,mother,1,3,0,no,no,no,yes,yes,yes,yes,no,4,2,4,1,3,2,0,14,15,15,mid
GP,F,16,R,GT3,T,1,1,other,services,reputation,mother,2,1,0,no,yes,no,yes,yes,yes,no,yes,3,3,3,1,2,1,8,12,11,11,mid
GP,F,18,U,GT3,T,4,4,health,health,reputation,father,1,2,1,yes,yes,no,yes,yes,yes,yes,yes,2,4,4,1,1,4,2,14,12,13,mid
MS,F,19,U,GT3,T,2,3,at_home,services,course,other,1,1,1,no,no,no,no,yes,no,yes,yes,4,4,4,1,1,2,0,9,9,10,low
GP,M,16,U,LE3,T,2,1,other,other,course,mother,1,2,0,no,no,no,yes,yes,yes,yes,yes,4,2,3,1,2,5,0,13,14,16,high
MS,F,16,R,LE3,T,3,4,at_home,other,other,mother,3,2,0,no,yes,no,no,no,yes,no,no,4,2,1,1,1,2,2,7,9,8,low
GP,F,16,U,GT3,T,2,2,other,other,home,mother,1,2,0,no,no,no,no,yes,yes,yes,yes,5,4,4,1,1,5,0,12,11,11,mid
GP,F,17,U,GT3,A,4,3,services,services,course,mother,1,2,0,no,yes,no,no,yes,yes,yes,yes,5,2,2,1,2,5,14,15,14,17,high
GP,M,17,U,GT3,T,4,4,teacher,teacher,course,mother,1,1,0,no,yes,no,yes,no,yes,yes,no,4,2,1,1,2,5,6,10,8,9,low
GP,M,17,U,LE3,T,4,3,health,other,course,mother,2,2,0,no,no,no,yes,yes,yes,yes,yes,2,5,5,1,4,5,8,15,15,15,mid
MS,F,18,R,GT3,T,2,2,services,other,home,mother,2,3,0,no,no,no,no,yes,yes,yes,yes,4,2,1,1,1,4,5,14,14,15,mid
GP,M,18,U,LE3,T,3,3,services,health,home,father,1,2,0,no,yes,no,no,yes,yes,yes,no,3,2,4,2,4,4,10,10,10,10,low
GP,M,15,U,GT3,T,2,3,other,other,home,mother,1,3,0,yes,no,no,no,no,yes,yes,no,5,3,2,1,2,5,2,10,9,9,low
MS,F,18,R,GT3,T,2,2,at_home,other,course,mother,3,2,1,no,no,no,yes,yes,yes,no,yes,4,3,3,1,1,4,0,9,0,0,fail
MS,M,18,U,GT3,T,4,4,teacher,teacher,home,father,1,2,0,no,no,no,yes,no,yes,yes,no,3,2,4,1,4,2,4,17,18,19,high
MS,M,16,U,LE3,T,2,2,services,services,other,mother,4,3,0,no,no,no,no,yes,yes,no,no,5,1,3,2,2,3,0,10,9,10,low
GP,F,15,R,GT3,T,3,3,services,services,reputation,other,2,3,0,no,yes,yes,yes,yes,yes,yes,yes,4,2,1,2,3,3,2,13,13,13,mid
MS,F,17,R,GT3,T,2,2,at_home,other,course,mother,2,2,0,no,yes,no,no,yes,yes,yes,no,4,3,5,1,2,4,0,11,10,11,mid
GP,M,15,R,GT3,T,3,4,at_home,teacher,course,mother,4,2,0,no,yes,no,no,yes,yes,no,yes,5,3,3,1,1,5,2,12,11,11,mid
GP,M,15,U,LE3,A,3,2,services,other,home,mother,1,2,0,no,yes,no,no,yes,yes,yes,no,4,2,2,1,1,1,0,15,16,17,high
MS,F,15,R,GT3,T,1,1,at_home,at_home,course,father,3,2,0,no,yes,no,no,yes,yes,no,no,4,2,1,1,2,2,0,13,14,14,mid
GP,F,18,U,GT3,T,3,2,at_home,other,reputation,father,1,3,0,no,yes,no,no,yes,yes,yes,yes,4,3,4,1,2,2,5,14,17,17,high
MS,F,16,R,GT3,T,2,3,at_home,services,other,mother,2,2,0,no,yes,no,yes,yes,yes,yes,no,3,3,3,1,1,2,0,8,10,10,low
GP,F,16,U,GT3,A,3,4,services,other,course,father,1,1,0,no,no,no,no,yes,yes,yes,no,3,2,1,1,4,5,12,15,13,14,mid
GP,M,16,U,LE3,T,2,2,other,other,home,mother,1,2,0,no,no,no,no,yes,yes,yes,no,4,4,4,1,1,3,0,13,12,13,mid
MS,F,16,R,GT3,T,2,2,other,services,course,father,3,2,0,no,yes,no,yes,yes,yes,yes,no,5,3,4,1,1,2,1,14,13,14,mid
MS,M,17,R,GT3,T,4,3,services,other,home,mother,2,2,1,no,yes,yes,yes,no,yes,yes,yes,4,5,5,1,3,2,4,10,11,11,mid
MS,F,18,U,GT3,T,3,3,services,services,course,father,1,2,0,no,yes,no,no,yes,yes,no,yes,5,3,4,1,1,5,0,10,10,10,low
MS,M,19,R,GT3,T,1,1,other,other,home,other,3,1,1,no,yes,no,no,yes,yes,yes,no,4,4,4,3,3,5,4,8,9,10,low
GP,F,19,U,GT3,T,1,1,other,other,course,other,3,3,0,no,no,no,yes,yes,no,no,yes,1,5,5,4,3,5,12,10,10,11,mid
GP,M,15,R,GT3,T,2,3,at_home,services,course,mother,1,2,0,yes,no,yes,yes,yes,yes,no,no,4,4,4,1,1,1,0,7,8,8,low
GP,M,19,U,GT3,T,4,2,health,other,course,mother,2,2,0,no,yes,no,yes,yes,yes,yes,yes,5,4,4,1,1,1,9,11,10,10,low
GP,M,18,U,LE3,T,3,1,services,services,course,mother,2,1,0,no,no,no,yes,yes,yes,yes,yes,3,3,4,4,5,4,2,11,11,12,mid
GP,M,16,R,GT3,T,4,2,teacher,services,other,mother,1,1,0,no,yes,no,yes,yes,yes,yes,yes,4,3,3,3,4,3,8,10,9,11,mid
GP,M,15,U,GT3,T,4,3,teacher,other,reputation,mother,1,2,0,no,no,no,no,yes,yes,yes,no,4,4,1,1,1,1,0,12,13,14,mid
GP,F,17,U,LE3,A,4,2,teacher,other,course,mother,1,2,0,no,yes,no,yes,yes,yes,no,no,4,3,2,1,1,4,4,15,14,14,mid
GP,M,16,U,GT3,T,2,3,other,other,course,mother,2,3,0,no,yes,no,no,no,yes,yes,yes,3,2,3,2,2,1,4,13,12,13,mid
GP,M,16,U,LE3,T,2,2,other,other,reputation,mother,2,2,0,no,yes,no,yes,yes,yes,yes,no,5,4,4,2,4,5,2,10,10,10,low
GP,M,17,U,GT3,T,4,4,teacher,teacher,reputation,mother,1,2,0,yes,yes,no,yes,yes,yes,yes,yes,4,5,5,1,3,2,0,13,13,13,mid
GP,F,19,U,GT3,T,2,2,services,services,home,mother,1,2,0,no,yes,no,no,yes,yes,yes,no,4,3,3,1,1,5,0,10,10,11,mid
GP,M,17,U,GT3,T,2,2,other,other,home,father,2,1,0,no,no,no,no,yes,no,yes,no,4,4,4,2,3,4,8,8,8,9,low
GP,F,17,U,GT3,T,4,3,health,services,reputation,mother,1,3,0,no,yes,no,no,yes,yes,yes,no,4,2,2,1,2,3,0,17,18,18,high
GP,F,17,U,LE3,T,2,2,services,other,course,mother,2,2,0,yes,yes,no,no,yes,yes,yes,yes,4,4,4,2,3,5,6,12,12,12,mid
GP,M,18,U,LE3,T,3,4,services,other,home,mother,1,2,0,no,no,no,yes,yes,yes,yes,yes,4,3,3,1,3,5,6,16,16,17,high
GP,F,17,U,LE3,T,1,1,at_home,at_home,course,mother,1,3,0,no,yes,no,yes,yes,yes,yes,yes,4,3,2,1,2,4,10,11,10,10,low
MS,F,17,R,GT3,T,2,2,at_home,other,other,mother,1,1,0,no,yes,yes,no,yes,yes,yes,no,5,1,3,1,2,5,5,9,9,9,low
GP,M,17,U,GT3,T,1,1,other,other,reputation,father,1,2,0,no,no,no,no,no,yes,yes,no,4,3,3,1,2,4,0,12,12,12,mid
GP,F,16,U,GT3,T,1,1,at_home,other,home,mother,2,1,0,no,yes,no,no,yes,yes,no,no,4,3,2,1,4,5,2,12,13,13,mid
GP,F,16,R,GT3,T,4,4,health,teacher,other,mother,1,2,0,no,yes,no,yes,yes,yes,no,no,2,4,4,2,3,4,0,17,16,16,high
GP,F,18,U,GT3,T,3,3,at_home,other,course,father,1,2,0,no,yes,no,no,yes,yes,yes,no,4,1,4,1,1,3,8,11,12,14,mid
MS,F,17,R,GT3,T,1,2,other,services,course,father,2,2,0,no,no,no,no,no,yes,no,no,3,2,2,1,2,3,0,13,13,13,mid
MS,F,16,U,GT3,T,1,1,at_home,other,course,father,1,2,0,no,yes,no,no,no,yes,no,yes,5,4,3,2,1,2,0,13,14,15,mid
GP,M,16,U,GT3,T,3,2,at_home,other,reputation,mother,2,3,0,no,no,no,yes,yes,yes,yes,yes,5,3,3,1,3,2,0,12,12,12,mid
GP,F,16,U,GT3,T,4,3,teacher,health,home,mother,1,3,0,yes,yes,no,yes,yes,yes,yes,no,3,4,4,2,4,4,0,14,13,13,mid
GP,F,17,U,GT3,A,2,2,at_home,at_home,home,father,1,2,0,no,yes,no,no,yes,yes,yes,yes,3,3,1,1,2,4,18,10,12,14,mid
MS,F,17,U,GT3,T,2,2,other,at_home,course,mother,1,1,0,no,yes,no,yes,yes,no,no,no,4,5,3,1,1,5,4,9,9,10,low
MS,F,16,U,LE3,A,2,2,at_home,other,reputation,mother,2,4,0,no,no,no,yes,no,no,no,yes,1,2,1,1,1,1,4,10,9,11,mid
GP,F,17,U,GT3,T,4,4,health,health,course,mother,1,1,0,no,no,no,yes,yes,yes,yes,no,5,3,4,1,2,5,2,14,15,17,high
GP,F,16,U,GT3,T,2,3,services,teacher,other,mother,1,2,0,yes,no,no,no,yes,yes,yes,no,2,3,1,1,1,3,0,13,13,14,mid
GP,M,15,U,GT3,T,4,4,teacher,health,reputation,mother,1,2,0,no,yes,no,yes,yes,yes,no,no,3,2,2,1,1,5,8,15,15,16,high
GP,F,17,R,GT3,T,4,4,teacher,teacher,course,mother,1,1,0,no,no,no,yes,yes,yes,yes,no,4,4,4,1,1,5,2,15,16,17,high
GP,M,18,U,GT3,T,2,2,services,other,home,mother,1,2,0,no,yes,no,yes,yes,yes,yes,no,4,4,4,2,4,5,10,12,11,11,mid
GP,F,16,R,GT3,T,3,3,services,other,reputation,father,1,3,0,yes,yes,no,yes,yes,yes,yes,no,4,1,2,1,1,2,4,11,11,11,mid
GP,F,17,U,GT3,T,4,2,other,other,reputation,mother,2,3,0,no,yes,no,no,yes,yes,yes,no,4,3,3,1,1,3,0,16,16,16,high
MS,M,17,U,GT3,T,1,1,at_home,services,other,mother,3,2,0,no,no,no,no,yes,yes,yes,yes,5,1,3,3,3,1,0,10,10,10,low
MS,F,17,U,GT3,T,4,1,health,at_home,course,mother,1,1,0,no,yes,no,no,yes,yes,no,yes,3,2,2,1,1,5,0,8,10,9,low
GP,M,18,U,GT3,T,4,4,teacher,services,home,father,1,2,0,no,yes,no,yes,yes,yes,yes,no,4,3,3,2,2,2,0,12,12,13,mid
GP,M,19,R,GT3,T,3,2,at_home,services,home,other,1,1,0,no,yes,no,no,no,yes,no,yes,5,3,4,2,2,5,0,11,10,10,low
GP,M,16,U,GT3,T,1,0,other,other,reputation,mother,2,2,0,no,yes,no,yes,yes,yes,yes,yes,4,3,2,1,1,3,0,16,17,18,high
MS,F,18,U,GT3,T,2,2,other,other,course,mother,2,2,0,no,yes,no,no,no,yes,yes,yes,1,3,1,1,1,2,4,8,8,10,low
MS,F,19,R,GT3,T,1,1,at_home,other,course,other,2,2,1,no,yes,no,no,yes,yes,yes,yes,4,3,3,1,1,3,4,7,8,9,low
GP,F,15,U,LE3,A,2,1,at_home,other,home,mother,2,1,0,no,yes,no,yes,yes,no,yes,yes,4,4,2,1,1,5,0,11,10,10,low
MS,M,19,U,GT3,T,1,1,other,other,other,mother,1,2,2,no,yes,no,yes,yes,no,yes,no,4,4,3,3,4,4,2,9,9,10,low
MS,F,16,R,GT3,T,4,4,teacher,teacher,course,mother,2,3,0,no,no,no,yes,yes,yes,yes,yes,4,2,2,1,1,4,6,16,16,17,high
MS,M,19,U,GT3,T,2,1,at_home,other,course,other,2,1,3,no,no,no,yes,no,no,yes,yes,4,4,3,1,3,5,4,8,9,9,low
MS,F,16,U,LE3,T,2,1,other,services,other,mother,1,2,0,no,no,no,no,yes,yes,yes,yes,3,2,2,1,1,3,0,14,15,16,high
MS,M,17,U,LE3,T,4,4,other,services,home,mother,1,3,0,no,yes,no,no,yes,yes,yes,no,4,4,3,1,2,5,0,15,14,16,high
GP,M,17,U,GT3,T,3,2,services,services,course,mother,1,1,3,no,yes,yes,yes,yes,yes,yes,no,5,5,5,2,4,5,2,8,8,7,low
MS,F,16,U,GT3,T,3,1,other,other,course,mother,1,1,0,no,no,no,yes,yes,yes,yes,no,3,1,3,1,3,1,0,8,6,8,low
GP,M,19,R,GT3,T,3,3,other,services,reputation,father,1,2,0,no,no,no,yes,yes,yes,no,yes,4,5,3,1,2,5,0,10,10,11,mid
GP,F,20,R,GT3,T,2,1,other,other,course,other,2,2,0,no,yes,yes,yes,yes,no,yes,yes,1,2,3,1,2,2,8,10,12,12,mid
GP,M,18,R,LE3,A,3,4,other,other,reputation,mother,2,2,0,no,yes,no,yes,yes,yes,yes,no,4,2,5,3,4,1,6,15,16,16,high
GP,F,17,U,GT3,T,2,3,at_home,other,home,father,2,1,0,no,yes,no,no,yes,yes,no,no,3,3,3,1,4,3,4,12,13,13,mid
GP,F,16,U,LE3,T,2,4,other,health,course,father,2,2,0,no,yes,no,yes,yes,yes,yes,yes,4,2,2,1,2,5,2,14,12,13,mid
GP,F,15,U,GT3,T,4,4,teacher,teacher,course,mother,2,1,0,no,no,no,yes,yes,yes,yes,no,4,3,2,1,1,5,6,13,14,14,mid
GP,M,15,U,GT3,A,2,2,other,other,home,other,1,3,0,no,yes,no,no,yes,yes,yes,yes,4,5,2,1,1,3,0,14,14,15,mid
MS,F,16,R,GT3,T,1,1,at_home,other,other,mother,2,1,0,no,no,no,yes,yes,yes,yes,yes,4,2,2,4,3,2,0,13,12,14,mid
GP,F,19,U,GT3,T,0,1,at_home,other,course,other,1,2,2,no,yes,no,no,no,no,no,no,3,4,2,1,1,5,0,9,10,11,mid
MS,F,17,U,GT3,T,3,2,at_home,other,home,mother,2,1,0,no,no,no,no,yes,yes,no,yes,4,3,3,2,2,1,5,9,11,11,mid
MS,F,16,R,GT3,T,2,2,other,other,course,mother,3,2,0,no,yes,no,no,yes,yes,yes,no,4,4,5,1,1,4,4,9,10,11,mid
GP,M,15,U,GT3,T,4,3,teacher,other,course,mother,2,2,0,no,yes,no,no,yes,yes,yes,no,5,4,3,1,2,3,0,12,12,13,mid
MS,F,16,R,GT3,T,1,2,other,other,home,father,1,3,0,yes,yes,no,no,no,yes,yes,yes,4,3,4,1,1,3,5,13,14,13,mid
GP,F,16,U,GT3,T,4,3,teacher,other,other,mother,1,2,0,no,no,no,yes,yes,yes,yes,yes,1,3,2,1,1,1,4,14,15,15,mid
GP,F,17,U,LE3,A,2,1,other,other,course,mother,3,1,0,no,yes,no,no,yes,yes,yes,no,3,2,2,1,2,5,8,11,10,11,mid
MS,F,16,U,LE3,T,1,1,at_home,other,other,mother,3,2,0,no,yes,no,no,yes,yes,yes,no,4,3,2,1,3,5,6,6,8,8,low
GP,M,16,U,GT3,T,4,4,services,services,course,mother,1,1,0,no,no,yes,yes,yes,yes,yes,no,5,3,2,1,2,5,4,14,15,15,mid
MS,F,18,U,LE3,T,3,1,teacher,services,course,mother,1,2,0,no,yes,no,no,yes,yes,yes,no,4,3,4,1,1,1,4,15,15,16,high
GP,M,16,U,GT3,T,1,2,services,services,other,mother,1,1,0,no,yes,no,yes,yes,yes,yes,yes,3,3,3,1,2,3,0,10,9,11,mid
GP,M,17,U,GT3,T,4,4,services,teacher,home,mother,1,1,0,no,no,no,no,yes,yes,yes,no,5,2,3,1,2,5,4,13,13,14,mid
MS,F,17,R,LE3,A,2,1,services,other,reputation,mother,2,2,0,no,no,no,yes,yes,yes,yes,yes,5,3,3,1,2,2,5,11,11,12,mid
